﻿<?xml version="1.0" encoding="utf-8"?>
<DacOrigin xmlns="http://schemas.microsoft.com/sqlserver/dac/Serialization/2012/02">
  <PackageProperties>
    <Version>3.0.0.0</Version>
    <ContainsExportedData>true</ContainsExportedData>
    <StreamVersions>
      <Version StreamName="Data">2.0.0.0</Version>
      <Version StreamName="DeploymentContributors">1.0.0.0</Version>
    </StreamVersions>
  </PackageProperties>
  <Operation>
    <Identity>e6305c0b-e5b2-4629-9846-fba70bcdf439</Identity>
    <Start>2024-08-19T23:39:22.3758354+05:00</Start>
    <End>0001-01-01T00:00:00.0000000</End>
    <ProductName>Microsoft.SqlServer.Dac, Version=12.0.0.0, Culture=neutral, PublicKeyToken=b03f5f7f11d50a3a</ProductName>
    <ProductVersion>12.0.2875.2</ProductVersion>
    <ProductSchema>http://schemas.microsoft.com/sqlserver/dac/Serialization/2012/02</ProductSchema>
  </Operation>
  <Server>
    <ServerVersion>Microsoft SQL Server 2014 (SP1-GDR) (KB4019091) - 12.0.4237.0 (X64) 
	Jul  5 2017 22:03:42 
	Copyright (c) Microsoft Corporation
	Enterprise Edition (64-bit) on Windows NT 6.3 &lt;X64&gt; (Build 19045: )
</ServerVersion>
    <ObjectCounts>
      <CheckConstraint>3</CheckConstraint>
      <DatabaseOptions>1</DatabaseOptions>
      <ForeignKeyConstraint>12</ForeignKeyConstraint>
      <PrimaryKeyConstraint>9</PrimaryKeyConstraint>
      <SimpleColumn>69</SimpleColumn>
      <Table>9</Table>
      <UniqueConstraint>1</UniqueConstraint>
    </ObjectCounts>
  </Server>
  <ExportStatistics>
    <SourceDatabaseSize>3224</SourceDatabaseSize>
    <TableRowCountTotalTag>0</TableRowCountTotalTag>
  </ExportStatistics>
  <Checksums>
    <Checksum Uri="/model.xml">9B2F94553F495D12ED243BB262D8D382F6A03F16124E811368DC3C1395C2DD6E</Checksum>
  </Checksums>
  <ModelSchemaVersion>2.4</ModelSchemaVersion>
</DacOrigin>